Model,Run,Prompt,Runtime (s),Generated Text,CO2 Emissions (kg)
Qwen2.5-1.5B-Instruct,1,Explain the importance of renewable energy.,2.2177,"Explain the importance of renewable energy. Renewable energy is important because it helps to reduce our dependence on fossil fuels, which are finite and contribute significantly to climate change. By using renewable sources such as solar, wind, hydroelectric, geothermal, and biomass, we can generate electricity without emitting",2.367307570270095e-05
Qwen2.5-1.5B-Instruct,1,What is the carbon footprint of AI?,2.1501,"What is the carbon footprint of AI? The carbon footprint of artificial intelligence (AI) can be a complex and multifaceted topic, as it depends on various factors such as the specific technology used, its purpose, and how it's deployed. However, here are some general considerations:

1",2.3006654118234953e-05
Qwen2.5-1.5B-Instruct,1,How does machine learning help climate change?,2.2435,"How does machine learning help climate change? Machine learning can be used to analyze large amounts of data and identify patterns that may not be immediately apparent. This can help researchers better understand the causes and effects of climate change, as well as potential solutions.
For example, machine learning algorithms can be trained",2.38119311966492e-05
Qwen2.5-1.5B-Instruct,1,Explain large language models in simple words.,2.1724,"Explain large language models in simple words. Large Language Models (LLMs) are like super smart computers that can understand and answer questions about almost anything you ask them! They're really good at understanding human speech, writing stories, solving math problems, and even doing things we didn't think they",2.378015210166893e-05
Qwen2.5-1.5B-Instruct,1,What are sustainable AI practices?,2.1626,"What are sustainable AI practices? Sustainable AI practices refer to the ethical and responsible use of artificial intelligence (AI) in decision-making processes. These practices aim to minimize negative impacts on individuals, communities, and the environment while maximizing benefits for society as a whole.

Key aspects of sustainable AI",2.3652217945761932e-05
Qwen2.5-1.5B-Instruct,2,Explain the importance of renewable energy.,2.203,"Explain the importance of renewable energy. Renewable energy is important because it helps to reduce our dependence on fossil fuels, which are finite and contribute significantly to climate change. By using renewable sources such as solar, wind, hydroelectric, geothermal, and biomass, we can generate electricity without emitting",2.4143928679098024e-05
Qwen2.5-1.5B-Instruct,2,What is the carbon footprint of AI?,2.1357,"What is the carbon footprint of AI? The carbon footprint of artificial intelligence (AI) can be a complex and multifaceted topic, as it depends on various factors such as the specific technology used, its purpose, and how it's deployed. However, here are some general considerations:

1",2.3371761499616474e-05
Qwen2.5-1.5B-Instruct,2,How does machine learning help climate change?,2.1343,"How does machine learning help climate change? Machine learning can be used to analyze large amounts of data and identify patterns that may not be immediately apparent. This can help researchers better understand the causes and effects of climate change, as well as potential solutions.
For example, machine learning algorithms can be trained",2.349769099678992e-05
Qwen2.5-1.5B-Instruct,2,Explain large language models in simple words.,2.214,"Explain large language models in simple words. Large Language Models (LLMs) are like super smart computers that can understand and answer questions about almost anything you ask them! They're really good at understanding human speech, writing stories, solving math problems, and even doing things we didn't think they",2.4627137216514396e-05
Qwen2.5-1.5B-Instruct,2,What are sustainable AI practices?,2.1544,"What are sustainable AI practices? Sustainable AI practices refer to the ethical and responsible use of artificial intelligence (AI) in decision-making processes. These practices aim to minimize negative impacts on individuals, communities, and the environment while maximizing benefits for society as a whole.

Key aspects of sustainable AI",2.360576905065352e-05
Qwen2.5-1.5B-Instruct,3,Explain the importance of renewable energy.,2.1597,"Explain the importance of renewable energy. Renewable energy is important because it helps to reduce our dependence on fossil fuels, which are finite and contribute significantly to climate change. By using renewable sources such as solar, wind, hydroelectric, geothermal, and biomass, we can generate electricity without emitting",2.3731737562385008e-05
Qwen2.5-1.5B-Instruct,3,What is the carbon footprint of AI?,2.1281,"What is the carbon footprint of AI? The carbon footprint of artificial intelligence (AI) can be a complex and multifaceted topic, as it depends on various factors such as the specific technology used, its purpose, and how it's deployed. However, here are some general considerations:

1",2.4194616186545092e-05
Qwen2.5-1.5B-Instruct,3,How does machine learning help climate change?,2.1415,"How does machine learning help climate change? Machine learning can be used to analyze large amounts of data and identify patterns that may not be immediately apparent. This can help researchers better understand the causes and effects of climate change, as well as potential solutions.
For example, machine learning algorithms can be trained",2.3725999956037526e-05
Qwen2.5-1.5B-Instruct,3,Explain large language models in simple words.,2.1563,"Explain large language models in simple words. Large Language Models (LLMs) are like super smart computers that can understand and answer questions about almost anything you ask them! They're really good at understanding human speech, writing stories, solving math problems, and even doing things we didn't think they",2.3886095522379413e-05
Qwen2.5-1.5B-Instruct,3,What are sustainable AI practices?,2.1655,"What are sustainable AI practices? Sustainable AI practices refer to the ethical and responsible use of artificial intelligence (AI) in decision-making processes. These practices aim to minimize negative impacts on individuals, communities, and the environment while maximizing benefits for society as a whole.

Key aspects of sustainable AI",2.4544757147132914e-05
Qwen2.5-1.5B-Instruct,4,Explain the importance of renewable energy.,2.1616,"Explain the importance of renewable energy. Renewable energy is important because it helps to reduce our dependence on fossil fuels, which are finite and contribute significantly to climate change. By using renewable sources such as solar, wind, hydroelectric, geothermal, and biomass, we can generate electricity without emitting",2.4574165351709706e-05
Qwen2.5-1.5B-Instruct,4,What is the carbon footprint of AI?,2.2152,"What is the carbon footprint of AI? The carbon footprint of artificial intelligence (AI) can be a complex and multifaceted topic, as it depends on various factors such as the specific technology used, its purpose, and how it's deployed. However, here are some general considerations:

1",2.4962565657459118e-05
Qwen2.5-1.5B-Instruct,4,How does machine learning help climate change?,2.1365,"How does machine learning help climate change? Machine learning can be used to analyze large amounts of data and identify patterns that may not be immediately apparent. This can help researchers better understand the causes and effects of climate change, as well as potential solutions.
For example, machine learning algorithms can be trained",2.4069482882038218e-05
Qwen2.5-1.5B-Instruct,4,Explain large language models in simple words.,2.1742,"Explain large language models in simple words. Large Language Models (LLMs) are like super smart computers that can understand and answer questions about almost anything you ask them! They're really good at understanding human speech, writing stories, solving math problems, and even doing things we didn't think they",2.4499376396201134e-05
Qwen2.5-1.5B-Instruct,4,What are sustainable AI practices?,2.1505,"What are sustainable AI practices? Sustainable AI practices refer to the ethical and responsible use of artificial intelligence (AI) in decision-making processes. These practices aim to minimize negative impacts on individuals, communities, and the environment while maximizing benefits for society as a whole.

Key aspects of sustainable AI",2.4505069869321144e-05
Qwen2.5-1.5B-Instruct,5,Explain the importance of renewable energy.,2.2116,"Explain the importance of renewable energy. Renewable energy is important because it helps to reduce our dependence on fossil fuels, which are finite and contribute significantly to climate change. By using renewable sources such as solar, wind, hydroelectric, geothermal, and biomass, we can generate electricity without emitting",2.491903528535929e-05
Qwen2.5-1.5B-Instruct,5,What is the carbon footprint of AI?,2.2316,"What is the carbon footprint of AI? The carbon footprint of artificial intelligence (AI) can be a complex and multifaceted topic, as it depends on various factors such as the specific technology used, its purpose, and how it's deployed. However, here are some general considerations:

1",2.525389105838228e-05
Qwen2.5-1.5B-Instruct,5,How does machine learning help climate change?,2.1424,"How does machine learning help climate change? Machine learning can be used to analyze large amounts of data and identify patterns that may not be immediately apparent. This can help researchers better understand the causes and effects of climate change, as well as potential solutions.
For example, machine learning algorithms can be trained",2.4456418581438744e-05
Qwen2.5-1.5B-Instruct,5,Explain large language models in simple words.,2.1599,"Explain large language models in simple words. Large Language Models (LLMs) are like super smart computers that can understand and answer questions about almost anything you ask them! They're really good at understanding human speech, writing stories, solving math problems, and even doing things we didn't think they",2.459081611766977e-05
Qwen2.5-1.5B-Instruct,5,What are sustainable AI practices?,2.1587,"What are sustainable AI practices? Sustainable AI practices refer to the ethical and responsible use of artificial intelligence (AI) in decision-making processes. These practices aim to minimize negative impacts on individuals, communities, and the environment while maximizing benefits for society as a whole.

Key aspects of sustainable AI",2.4299297945272094e-05
