Hashtag URL,Post ID,Short Code,Caption,Hashtags,Post URL,Likes,Comments,Timestamp,Username,Full Name,Location
https://www.instagram.com/explore/tags/ghiblitrend/,3934671754279238219,Daawx0dk7pL,"🍀 BIG DISCOUNT % NOW ✨
🍵 Check us out as we are clearing stock to close the shop temporarily 😖

📍 Phnom Penh, Cambodia
#ghiblitrend",['ghiblitrend'],https://www.instagram.com/p/Daawx0dk7pL/,80.0,0,2026-07-05T16:37:26.000Z,ghibli_everything,Ghibli everything store,"Phnom Penh, Cambodia"
https://www.instagram.com/explore/tags/ghiblitrend/,3926795382512038775,DZ-x5hoRjN3,"Lost in the magic of my own fairytail🌷🌸🪄
#ghiblitrend 
#ghibliart 
#beautifulgirl","['ghiblitrend', 'ghibliart', 'beautifulgirl']",https://www.instagram.com/p/DZ-x5hoRjN3/,20.0,0,2026-06-24T19:48:39.000Z,ghibli_love_25,Ghibli_girl_,
https://www.instagram.com/explore/tags/ghiblitrend/,3926097948924479817,DZ8TUh_CIlJ,"She walked through every storm alone,but instead of waiting for the sun,she leaned to shine on her own.✨#ghibli #ghiblitrend #ghibliphoto❤️ #loveyourself #positive 🎀❤️🫰","['ghibli', 'ghiblitrend', 'ghibliphoto❤️', 'loveyourself', 'positive']",https://www.instagram.com/p/DZ8TUh_CIlJ/,34.0,1,2026-06-23T20:42:49.000Z,gurungnjila,Pri_Gurung2615🐒,
https://www.instagram.com/explore/tags/ghiblitrend/,3925993380118645994,DZ77i2sgczq,"Love is finding someone who feels like home🫶❤️
#ghiblitrend
#lovelife","['ghiblitrend', 'lovelife']",https://www.instagram.com/p/DZ77i2sgczq/,32.0,1,2026-06-23T17:15:03.000Z,ghibli_love_25,Ghibli_girl_,
https://www.instagram.com/explore/tags/ghiblitrend/,3925983388112074143,DZ75Rc6gTWf,"Every moment feels like a Ghibli story🌷🪄
#ghiblitrend
#ghibliart","['ghiblitrend', 'ghibliart']",https://www.instagram.com/p/DZ75Rc6gTWf/,40.0,1,2026-06-23T16:55:12.000Z,ghibli_love_25,Ghibli_girl_,
https://www.instagram.com/explore/tags/ghiblitrend/,3918643490389115929,DZh0X4eCkQZ,#GhibliTrend #StudioGhibli #TrendingReels #ExplorePage #MainCharacterEnergy 🍃✨💫,"['GhibliTrend', 'StudioGhibli', 'TrendingReels', 'ExplorePage', 'MainCharacterEnergy']",https://www.instagram.com/p/DZh0X4eCkQZ/,16.0,3,2026-06-13T13:57:19.000Z,dhriti_doodles,Dhriti Solanki,
https://www.instagram.com/explore/tags/ghiblitrend/,3915533666194835794,DZWxR-_oElS,#pencilcolordrawing✏️ #viralvideos #fabercastlepencils ##ghiblitrend #drawing,"['pencilcolordrawing✏️', 'viralvideos', 'fabercastlepencils', '#ghiblitrend', 'drawing']",https://www.instagram.com/p/DZWxR-_oElS/,8.0,4,2026-06-09T06:53:32.000Z,rabia77khan,@RABIAKHAN,
https://www.instagram.com/explore/tags/ghiblitrend/,3915199477413942471,DZVlS5cDZTH,#foodie #burmesegirl #ghiblitrend #ghiblifanart,"['foodie', 'burmesegirl', 'ghiblitrend', 'ghiblifanart']",https://www.instagram.com/p/DZVlS5cDZTH/,0.0,0,2026-06-08T19:49:29.000Z,vant_e94,Vante_Min,
https://www.instagram.com/explore/tags/ghiblitrend/,3905648053423559810,DYzpjYqAdSC,"Mention ur Girl in Comment 🎁 ☑️ 

#telugureels #friendshipvibes #ghiblitrend #aestheticreels #viralreels reelitfeelit explorepage teluguvibes emotionaledits friendshipquotes cutereels girlsgang","['telugureels', 'friendshipvibes', 'ghiblitrend', 'aestheticreels', 'viralreels']",https://www.instagram.com/p/DYzpjYqAdSC/,5.0,0,2026-05-26T15:32:33.000Z,cs_beatzs,CS_beatzs🎶,
https://www.instagram.com/explore/tags/ghiblitrend/,3905448249776563690,DYy8H3AmmXq,"더이상의 새로움도 없고
나이 먹듯 취향도 변해서 큰 맘 먹고 뒤집었지만
추리고 추려서 내놓았지만!

처음 지브리를 만나 굿즈를 사고 꾸몄던
강렬한 감정의 그때가
다신 오지 않을 것 같아 눈물이 좔좔좔

가득 했던 그때의 방은 추억으로 남깁니다

비울 때가 되었을뿐
여전히 사랑하고 영원히 좋아합니다!
이 글을 봐주시는 친구들도요 🫰🏻",[],https://www.instagram.com/p/DYy8H3AmmXq/,4748.0,78,2026-05-26T08:55:32.000Z,myillinghouse,lin,
https://www.instagram.com/explore/tags/ghiblitrend/,3905288674495296806,DYyX1u8pfUm,"#trend 😉☺️
 #ghiblitrend","['trend', 'ghiblitrend']",https://www.instagram.com/p/DYyX1u8pfUm/,-1.0,5,2026-05-26T03:38:32.000Z,the_aryan_x1,Kumar Saurab,
https://www.instagram.com/explore/tags/ghiblitrend/,3904731483211464772,DYwZJiIGoBE,"우리의 순정, 만남의 광장이자 안방
코리코 카페 🫰🏻 오랜만이야 ㅠ ㅠ
대망의 리리 프렌치 토스트와 카페인 충전 타임.. 😌
시이원한 에어컨 바람 맞으며 쉬다가
양손 무겁게 홍대 연남 열심히 걸어주었다 🤠
너무너무나 즐거웠어요 ♪ 자주 보고싶은 그녀 👩🏻‍❤️‍👩🏻",[],https://www.instagram.com/p/DYwZJiIGoBE/,-1.0,12,2026-05-25T09:11:27.000Z,myillinghouse,lin,연남동
https://www.instagram.com/explore/tags/ghiblitrend/,3904215180792013213,DYujwWBy6Gd,"4 months old and he decided my shoulders are his favourite spot 😄

The laughing, the hair pulling, almost falling sideways trying to get down - it's messy, it's crazy and I love every bit of it 🤍

Tried the Ghibli trend and felt like it was made for us ✨

#Dadandson #Ruhaan #ghiblitrend","['Dadandson', 'Ruhaan', 'ghiblitrend']",https://www.instagram.com/p/DYujwWBy6Gd/,40.0,9,2026-05-24T16:05:46.000Z,nishantsharma_94,Nishant Sharma,
https://www.instagram.com/explore/tags/ghiblitrend/,3903922538501194507,DYthN1qAUML,"Might be late for this trend but still 💯 worth it 😍😍
.
.
.
#ghiblitrend #couplegoals #ghiblistyle
#fantasylove #trendingnow","['ghiblitrend', 'couplegoals', 'ghiblistyle', 'fantasylove', 'trendingnow']",https://www.instagram.com/p/DYthN1qAUML/,-1.0,1,2026-05-24T06:24:14.000Z,fidelis_romstom,Fidelis J Romstom,
https://www.instagram.com/explore/tags/ghiblitrend/,3901986335280149290,DYmo-X4zTMq,"“🌷Main character energy, but make it Ghibli 🌷🎐”
..
..
..
#ghiblitrend #ghibliart #cinematicvibes #softgirlvibes #instatrend","['ghiblitrend', 'ghibliart', 'cinematicvibes', 'softgirlvibes', 'instatrend']",https://www.instagram.com/p/DYmo-X4zTMq/,-1.0,2,2026-05-21T14:17:23.000Z,_komal_shrivastav__,𝓐𝓷𝓬𝓱𝓪𝓵 🎀,
https://www.instagram.com/explore/tags/ghiblitrend/,3900883534132288379,DYiuOgSIBt7,"Ghibli trending pic 🤸🕺🧍
#ghibliart #ghiblistudio #viral #ghiblimagic #ghiblitrend 
Do you love Ghibli trending pic so please give me your opinion about my pic?","['ghibliart', 'ghiblistudio', 'viral', 'ghiblimagic', 'ghiblitrend']",https://www.instagram.com/p/DYiuOgSIBt7/,-1.0,0,2026-05-20T01:46:21.000Z,naveenchandra17717,Naveen Chandra,India
https://www.instagram.com/explore/tags/ghiblitrend/,3900145100296275265,DYgGU4Lo8VB,"Ghibli trending pic 🤸🕺🧍
#ghibliart #ghiblistudio #viral #ghiblimagic #ghiblitrend 
Do you love Ghibli trending pic so please give me your opinion about my pic?","['ghibliart', 'ghiblistudio', 'viral', 'ghiblimagic', 'ghiblitrend']",https://www.instagram.com/p/DYgGU4Lo8VB/,-1.0,0,2026-05-19T01:19:14.000Z,naveenchandra17717,Naveen Chandra,India
https://www.instagram.com/explore/tags/ghiblitrend/,3899580521476347477,DYeF9LLoVZV,"Ghibli trending pic 🤸🕺🧍
#ghibliart #ghiblistudio #viral #ghiblimagic #ghiblitrend 
Do you love Ghibli trending pic so please give me your opinion about my pic?","['ghibliart', 'ghiblistudio', 'viral', 'ghiblimagic', 'ghiblitrend']",https://www.instagram.com/p/DYeF9LLoVZV/,-1.0,1,2026-05-18T06:37:29.000Z,naveenchandra17717,Naveen Chandra,India
https://www.instagram.com/explore/tags/ghiblistudio/,3936975560580702356,Dai8mnRzqCU,"Ghibli changes the way you see the nature 🍃

#ghiblistudio #ghibliaesthetic #animeart #animeedits #anime","['ghiblistudio', 'ghibliaesthetic', 'animeart', 'animeedits', 'anime']",https://www.instagram.com/p/Dai8mnRzqCU/,0.0,0,2026-07-08T20:54:44.000Z,ghibli_quonature,Ghibli Quote-Nature,
https://www.instagram.com/explore/tags/ghiblistudio/,3936857955591540804,Daih3PGNFBE,"""Gerçekten olan bir şey asla unutulmaz, hatırlamıyor olsan bile."" #spiritedaway 🚃

#ghibli #ghiblistudio #hayaomiyazaki #anime","['spiritedaway', 'ghibli', 'ghiblistudio', 'hayaomiyazaki', 'anime']",https://www.instagram.com/p/Daih3PGNFBE/,6.0,0,2026-07-08T17:01:04.000Z,esraogretmenanlatiyor,Esra Gürbunar,
https://www.instagram.com/explore/tags/ghiblistudio/,3936839537887967066,DaidrORhnda,"Ghiblified! 😊
.
.
#ghibli #ghiblistudio #ghibliart #ghiblified","['ghibli', 'ghiblistudio', 'ghibliart', 'ghiblified']",https://www.instagram.com/p/DaidrORhnda/,6.0,0,2026-07-08T16:24:29.000Z,vanishiv_,Vani Shivashankar,
https://www.instagram.com/explore/tags/ghiblistudio/,3936797621172197320,DaiUJQSklfI,"#tantikantoysreadystock 
#ghiblistudio
IDR 455k","['tantikantoysreadystock', 'ghiblistudio']",https://www.instagram.com/p/DaiUJQSklfI/,0.0,0,2026-07-08T15:01:09.000Z,tantika.n.toys,Tantika&Toys,
https://www.instagram.com/explore/tags/ghiblistudio/,3936728918640502958,DaiEhgEkyiu,"Totoros following the curve of the shoulder
. . 𖥧 𖥧 . . . 𖥧 𖥧 . . . 𖥧 𖥧 . . . 𖥧 𖥧 .

🇸🇬 August-September open
📮 DM or Link in bio 
⋆
⋆
⋆ #mimavailable",['mimavailable'],https://www.instagram.com/p/DaiEhgEkyiu/,-1.0,16,2026-07-08T12:44:39.000Z,happywithmim,𝑴𝒊𝒎 ☺︎ | 𝒔𝒊𝒏𝒈𝒂𝒑𝒐𝒓𝒆 𝒕𝒂𝒕𝒕𝒐𝒐,Hansan Studio 한산스튜디오
https://www.instagram.com/explore/tags/ghiblistudio/,3936718448401470041,DaiCJI5slJZ,"#🫂🚩☠️ 
#🥷🏻🦅⚠️🚫😈 
#rh 
#ghiblistudio 
#yogalife","['🫂🚩☠️', '🥷🏻🦅⚠️🚫😈', 'rh', 'ghiblistudio', 'yogalife']",https://www.instagram.com/p/DaiCJI5slJZ/,61.0,16,2026-07-08T12:23:53.000Z,mukarrram__ghosii9927,Mukarram💸💸,India
https://www.instagram.com/explore/tags/ghiblistudio/,3936713788249717939,DaiBFUzAbyz,"Ghibli Collection 

Vòng tay cặp đôi Ghibli ra lò ùi, mơid các bác iu order nha.

Đồng giá 40🐠 ạ

#janest_vongtay
#vongtayghibli #ghiblistudio #ghiblibracelets #bracelets","['janest_vongtay', 'vongtayghibli', 'ghiblistudio', 'ghiblibracelets', 'bracelets']",https://www.instagram.com/p/DaiBFUzAbyz/,-1.0,0,2026-07-08T12:14:35.000Z,janest.house,Janest House - Tiệm quà tặng handmade,
https://www.instagram.com/explore/tags/ghiblistudio/,3936711793969384928,DaiAoTeos3g,"The wind rises 💐

#ghiblistudio #ghiblicharacters #animeart #fanart","['ghiblistudio', 'ghiblicharacters', 'animeart', 'fanart']",https://www.instagram.com/p/DaiAoTeos3g/,45.0,3,2026-07-08T12:10:42.000Z,aceeeeee_d,A🍡,
https://www.instagram.com/explore/tags/ghiblistudio/,3936700210106072744,Dah9_vKk_6o,"Day 7
Ghibli Park, Aichi
Definitely worth a visit 💚

The park features many incredible life-sized Studio Ghibli sets and replicas. Sadly, most of the indoor exhibits are off-limits for photos and videos—but that makes the experience even more special. 

@reirei._am 
#schoolholiday2026
#familyholiday
#japan
#ghiblistudio","['schoolholiday2026', 'familyholiday', 'japan', 'ghiblistudio']",https://www.instagram.com/p/Dah9_vKk_6o/,18.0,0,2026-07-08T11:47:36.000Z,sweet_kouchan,Sulyanti,
https://www.instagram.com/explore/tags/ghiblistudio/,3936657147707300039,Dah0NGLmJjH,"ジジの声がかんわいかった。
.
#魔女の宅急便 #ghibli #ジブリ 
#ghiblistudio

🙏
.
#imax #宮崎駿

🤛
優しさとは何かを考えているポムポムプリン","['魔女の宅急便', 'ghibli', 'ジブリ', 'ghiblistudio', 'imax', '宮崎駿']",https://www.instagram.com/p/Dah0NGLmJjH/,31.0,0,2026-07-08T10:22:03.000Z,__8ron__,m,
https://www.instagram.com/explore/tags/ghiblistudio/,3936656897945630656,Dah0Jdko_fA,"ジジの声がかんわいかった。
.
#魔女の宅急便 #ghibli #ジブリ 
#ghiblistudio","['魔女の宅急便', 'ghibli', 'ジブリ', 'ghiblistudio']",https://www.instagram.com/p/Dah0Jdko_fA/,,0,2026-07-08T10:22:02.000Z,__8ron__,m,
https://www.instagram.com/explore/tags/ghiblistudio/,3936576141402231950,DahhyTLjtSO,"A proposito di questa immagine (apparsa per la prima volta sul numero di Agosto  1989 della rivista Animamge), Miyazaki ha detto:

""L'ho disegnato mentre cominciavo a capire cosa avrebbe dovuto fare Nausicaa, il che è probabilmente il motivo per cui mi è piaciuto così tanto. All'epoca non avevo idea di come la storia sarebbe effettivamente andata a finire. Ma avevo una forte sensazione che questa fosse la direzione che la storia avrebbe preso. Sapevo solo che sarebbe arrivato un momento in cui il peso di tutto ciò che portava le avrebbe impedito di volare felicemente nell'aria, e l'avrebbe costretta a trascinarsi a lungo sulla superficie.""

 #hayaomiyazaki #Miyazaki #ghiblipedia #studioghibli #ghiblimovies #ghiblistudio #Ghibli #ghibli #nausicaäofthevalleyofthewind","['hayaomiyazaki', 'Miyazaki', 'ghiblipedia', 'studioghibli', 'ghiblimovies', 'ghiblistudio', 'Ghibli', 'ghibli', 'nausicaäofthevalleyofthewind']",https://www.instagram.com/p/DahhyTLjtSO/,2.0,0,2026-07-08T07:41:07.000Z,ghiblipedia2025,La collina dei papaveri - Studio Ghibli Fanpage - Ghiblipedia,
https://www.instagram.com/explore/tags/ghiblistudio/,3936520292079321408,DahVFlcgUFA,ได้มาสมใจ #ghiblistudio 😍,['ghiblistudio'],https://www.instagram.com/p/DahVFlcgUFA/,25.0,1,2026-07-08T05:50:09.000Z,puifhyz,Puifhyz Nontakorn Chummuang,Yufuin Floral Village【湯布院フローラルヴィレッジ】
https://www.instagram.com/explore/tags/ghiblistudio/,3936256553254407238,DagZHrhiExG,"Why are they SO yummy 😩

#ghibli #iloveghibli #ghiblistudio #ghiblimovies #ghiblicharacters","['ghibli', 'iloveghibli', 'ghiblistudio', 'ghiblimovies', 'ghiblicharacters']",https://www.instagram.com/p/DagZHrhiExG/,-1.0,0,2026-07-07T21:06:08.000Z,ghibli_beann,,
https://www.instagram.com/explore/tags/ghiblistudio/,3936245928017948203,DagWtEAFm4r,"De los buenos conocedores 👇 
El Barón #WhisperOfTheHeart #ghiblistudio","['WhisperOfTheHeart', 'ghiblistudio']",https://www.instagram.com/p/DagWtEAFm4r/,0.0,0,2026-07-07T20:45:02.000Z,thebosz89,Rendón Omar,
https://www.instagram.com/explore/tags/ghiblistudio/,3936224973954338499,DagR8JAkc7D,"Hope you like my choices! 

#ghibli #iloveghibli #ghiblistudio #ghiblimovies #ghiblicharacters","['ghibli', 'iloveghibli', 'ghiblistudio', 'ghiblimovies', 'ghiblicharacters']",https://www.instagram.com/p/DagR8JAkc7D/,-1.0,1,2026-07-07T20:03:24.000Z,ghibli_beann,,
https://www.instagram.com/explore/tags/ghiblistudio/,3936138900402332489,Daf-XmxE-NJ,"JHARU in Ghibli Universe vs The real universe. 
How cute is she?

#catlover #ghiblistudio #cutecat #catparents #fypシ❤️💞❤️","['catlover', 'ghiblistudio', 'cutecat', 'catparents', 'fypシ❤️💞❤️']",https://www.instagram.com/p/Daf-XmxE-NJ/,9.0,0,2026-07-07T17:12:23.000Z,meawwings,The Flurry Ladies and a Lad,
https://www.instagram.com/explore/tags/ghiblistudio/,3936128845593785482,Daf8FSfyTSK,"#ghiblistudio #GPS #governmentpolytechnic 
#selflove❤️ #instaphoto 
@sscwith_harshit follow this account........🙏🏻✨😊","['ghiblistudio', 'GPS', 'governmentpolytechnic', 'selflove❤️', 'instaphoto']",https://www.instagram.com/p/Daf8FSfyTSK/,27.0,6,2026-07-07T16:52:28.000Z,im_harshit_08,💖𝐻𝒶𝓇𝓈𝒽𝒾𝓉 𝒱𝑒𝓇𝓂𝒶💖,
https://www.instagram.com/explore/tags/ghiblistudio/,3936112621930966502,Daf4ZNCIG3m,"There's a staircase somewhere in Tokyo where time slows down.

The power lines, the warm windows, the sky on fire above the rooftops - this is the view you pause for on the way home.

Save it and set it free on your screen. Follow for a new world every day.
🔗 link in bio

#ghibliwallpaper #whisperoftheheart #animewallpaper #ghibliart #phonebackground #4kwallpaper #animeaesthetic #ghiblistudio #nostalgicart #tokyoaesthetic #goldenhour #animescenery #animeart #lockscreenwallpaper #cozyanimeart #japaneseart #animebackground #wallpaperoftheday #aestheticwallpaper","['ghibliwallpaper', 'whisperoftheheart', 'animewallpaper', 'ghibliart', 'phonebackground', '4kwallpaper', 'animeaesthetic', 'ghiblistudio', 'nostalgicart', 'tokyoaesthetic', 'goldenhour', 'animescenery', 'animeart', 'lockscreenwallpaper', 'cozyanimeart', 'japaneseart', 'animebackground', 'wallpaperoftheday', 'aestheticwallpaper']",https://www.instagram.com/p/Daf4ZNCIG3m/,0.0,0,2026-07-07T16:20:15.000Z,hibiwall,Hibiwall,
https://www.instagram.com/explore/tags/ghiblistudio/,3936091577899031524,Dafzm-QFBvk,"Paper Boat 🛶🏞 Childhood memories of making paper boat was a complete joy. This cute little girl depicts the same story of our childhood 🥰🤌💖
You can also read this as a story. Click her⬇️
https://www.meta.ai/share/a/128a0724-0d3b-4735-89dd-0c1f2a3e07eb

Did you made paper boat in your childhood?
#childhoodmemories #ghibli #aiartwork #ghibliart #ghiblistudio","['childhoodmemories', 'ghibli', 'aiartwork', 'ghibliart', 'ghiblistudio']",https://www.instagram.com/p/Dafzm-QFBvk/,2.0,0,2026-07-07T15:38:22.000Z,thetinatales_ai,TheTinaTales,𝙉𝙊𝙎𝙏𝘼𝙇𝙂𝙄𝘾
https://www.instagram.com/explore/tags/ghiblistudio/,3936025933560440593,DafkruMmGcR,"Ghibli Totoro-Inspired Exotic Potted Plant | Jewel Orchid & Japanese Mazus in Handmade Pot 

Bring a little Studio Ghibli magic into your space. ✨🌱 Inspired by the enchanted forests of My Neighbor Totoro, this handmade ceramic bowl features a stunning combination of velvety Jewel Orchid and lush Japanese Mazus. It’s like a miniature woodland floor right on your desk.

Swipe to the right to see the flower of Japanese Mazus🪻 

#ghiblistudio #potarrangement #caudex #caudexarrangement","['ghiblistudio', 'potarrangement', 'caudex', 'caudexarrangement']",https://www.instagram.com/p/DafkruMmGcR/,29.0,1,2026-07-07T13:27:56.000Z,terrariumgardenmalaysia,Terrarium Garden Malaysia (TGM),
https://www.instagram.com/explore/tags/ghiblistudio/,3935938635220880165,DafQ1XSE4sl,"This is Kiki’s House, “The Okino Residence” where her family also lives 🥰

from the movie “Kiki’s Delivery Service” ❤️

📌 need ng Special Pass para makapasok dito, yung bilihan ng ticket nandun lng sa entrance nito near the Howl’s Castle, pwedeng walk-in, no need for the advance reservation

📌pero pag naka PREMIUM PASS ka included na ito pati ung inside ng Howl’s Castle tour

Bawal mag take ng photo and video sa loob para mas macurious tayo at puntahan natin😊. 

Ang ganda sa loob, not the typical house, tipong pag andun ka animated parin ang vibe like sa movie. 

Mukhang maliit sa labas, pero ang dami nyang kwarto talaga, generally maappreciate mo cya talaga kahit di ka fan ng movie kasi ang “artsy na may pagka-aesthetic” ung loob tlga, maeengganyo ka puntahan lahat ng sulok at kalikutin yung mga gamit nila Kiki 🥰 

⚠️may CCTV sa loob sa pagkaalala ko, kaya pag may pumitik mayayari ka, gagawin kang walis ni Kiki😁 haha

📍Ghibli Park (inside Expo ‘70 Commemorative Park), Nagoya, Aichi

📌 Nearest train station: Ai-Chikyuhaku Kinen Koen Station (Aichi Earth Expo Memorial Park Station) on the Linimo line. The park’s entrance is located right outside Exit 2 of the station

📌How to get there: Nagoya Station (take the Higashiyama Subway Line) ➡️ Fujigaoka Station (then transfer to Linimo Line) ➡️ Ai-Chikyuhaku Kinen Koen Station

📌Where to book: available 2 months before the visit date, but check the official website for exact dates of availability
➡️ Klook
➡️ Official Website: https://ghibli-park.jp/en/ticket/

#ghibli #ghiblistudio #kikisdeliveryservice #ghiblipark #nagoya","['ghibli', 'ghiblistudio', 'kikisdeliveryservice', 'ghiblipark', 'nagoya']",https://www.instagram.com/p/DafQ1XSE4sl/,0.0,0,2026-07-07T10:34:30.000Z,thetravelingnanay,thetravelingnanay,
https://www.instagram.com/explore/tags/ghiblistudio/,3935915097535919059,DafLe2GubPT,#spiritedaway  #susuwatari  #ghiblistudio #handmadeceramic #myneighbortotoro,"['spiritedaway', 'susuwatari', 'ghiblistudio', 'handmadeceramic', 'myneighbortotoro']",https://www.instagram.com/p/DafLe2GubPT/,23.0,2,2026-07-07T09:47:47.000Z,ayclays,Ayclays,
https://www.instagram.com/explore/tags/ghiblistudio/,3935903731740669203,DafI5c4iXUT,"Price : 120

#จิบลิ #จิบลิสตูดิโอ #ghibli #ghiblistudio #castleinthesky","['จิบลิ', 'จิบลิสตูดิโอ', 'ghibli', 'ghiblistudio', 'castleinthesky']",https://www.instagram.com/p/DafI5c4iXUT/,0.0,0,2026-07-07T09:25:09.000Z,my_toyyyyyyyyyy,งานghibli studio มือ1/มือ2 และของสะสม,
https://www.instagram.com/explore/tags/ghiblistudio/,3935903478018838840,DafI1wliZE4,"Price : ❌️

#จิบลิ #จิบลิสตูดิโอ #ghibli #ghiblistudio #ponyo","['จิบลิ', 'จิบลิสตูดิโอ', 'ghibli', 'ghiblistudio', 'ponyo']",https://www.instagram.com/p/DafI1wliZE4/,0.0,0,2026-07-07T09:24:39.000Z,my_toyyyyyyyyyy,งานghibli studio มือ1/มือ2 และของสะสม,
https://www.instagram.com/explore/tags/ghiblistudio/,3935903246677806139,DafIyZIiYw7,"Price : ❌️

#จิบลิ #จิบลิสตูดิโอ #ghibli #ghiblistudio #ponyo","['จิบลิ', 'จิบลิสตูดิโอ', 'ghibli', 'ghiblistudio', 'ponyo']",https://www.instagram.com/p/DafIyZIiYw7/,0.0,0,2026-07-07T09:24:11.000Z,my_toyyyyyyyyyy,งานghibli studio มือ1/มือ2 และของสะสม,
https://www.instagram.com/explore/tags/ghiblistudio/,3934684434687415111,DaazqWAzVNH,"Hello Kuya A.J why so pogi🥰 

📍Ghibli Park (inside Expo ‘70 Commemorative Park), Nagoya, Aichi 🇯🇵

#nagoya #ghiblipark #studioghibli #ghiblimovies #ghiblistudio","['nagoya', 'ghiblipark', 'studioghibli', 'ghiblimovies', 'ghiblistudio']",https://www.instagram.com/p/DaazqWAzVNH/,1.0,0,2026-07-05T17:18:34.000Z,thetravelingnanay,thetravelingnanay,
https://www.instagram.com/explore/tags/ghibliart/,3937227763270964768,Daj18pVklYg,"🥰☺️
.
.
.
.
.
.
.
.

#ghibliart 
#lovenature 
#memoriesforlife❤️ 
#friendforever","['ghibliart', 'lovenature', 'memoriesforlife❤️', 'friendforever']",https://www.instagram.com/p/Daj18pVklYg/,1.0,0,2026-07-09T05:15:46.000Z,sarita_kushwaha_00,sarita kushwaha,
https://www.instagram.com/explore/tags/ghibliart/,3937204769878111733,DajwuDEjvX1,"7 Faces Caricature Frames!!

Book yours now from our website craftscientist.co.in (Link in bio) or Contact us on WhatsApp/Instagram for customizations ✨

Booking on Website -> craftscientist.co.in (Link in bio)
📍Check out Category : Frames -> Caricature Frames
📍Click on the product -> Choose the Size -> Add the product to cart -> Proceed to place the order (We will get back on WhatsApp for photos/customizations (if any) once the order is confirmed)

(Contact us on WhatsApp or Instagram for sold out products)

#CraftScientist #AnvithaAcharya #CraftMaterials #beads #GhibliArt #PhotoCutout #CaricatureCutout","['CraftScientist', 'AnvithaAcharya', 'CraftMaterials', 'beads', 'GhibliArt', 'PhotoCutout', 'CaricatureCutout']",https://www.instagram.com/p/DajwuDEjvX1/,3.0,0,2026-07-09T04:30:05.000Z,craft_scientist,Craft Scientist,
https://www.instagram.com/explore/tags/ghibliart/,3937116713125206728,Dajcsp1FNrI,"Cosy isn't a size. It's a feeling.

A warm light, a tiny home, rain on the other side of the wall - sometimes the smallest spaces hold the most magic.

Save this to your wallpaper collection and follow for a new world every day.
🔗 link in bio

#Arrietty #StudioGhibli #GhibliWallpaper #GhibliArt #AnimeWallpaper #CozyAesthetic #CottagecoreAnime #PhoneWallpaper #4KWallpaper #MagicalArt #AnimeAesthetic #CozyVibes #WallpaperOfTheDay #FantasyArt #AnimeFan #IllustrationArt #DreamyAesthetic #MiniatureWorld #BorrowerAesthetic","['Arrietty', 'StudioGhibli', 'GhibliWallpaper', 'GhibliArt', 'AnimeWallpaper', 'CozyAesthetic', 'CottagecoreAnime', 'PhoneWallpaper', '4KWallpaper', 'MagicalArt', 'AnimeAesthetic', 'CozyVibes', 'WallpaperOfTheDay', 'FantasyArt', 'AnimeFan', 'IllustrationArt', 'DreamyAesthetic', 'MiniatureWorld', 'BorrowerAesthetic']",https://www.instagram.com/p/Dajcsp1FNrI/,0.0,0,2026-07-09T01:35:11.000Z,hibiwall,Hibiwall,
https://www.instagram.com/explore/tags/ghibliart/,3937037734330569002,DajKvXGFREq,"Some mornings feel like the whole world filled up with water overnight - and somehow that's okay.

The light hits different when everything familiar is just a little bit submerged.

Save this to your phone and follow for a new wallpaper every single day. It's yours to keep.
🔗 link in bio

#ghibliwallpaper #ponyo #studioghibli #animewallpaper #phonebackground #lockscreenwallpaper #animeaesthetic #ghibliart #4kwallpaper #animeart #cottagecoreaesthetic #magicalrealism #wallpaperdump #cuteanime #animebackground #aestheticwallpaper #ghibliinspired #portraitwallpaper","['ghibliwallpaper', 'ponyo', 'studioghibli', 'animewallpaper', 'phonebackground', 'lockscreenwallpaper', 'animeaesthetic', 'ghibliart', '4kwallpaper', 'animeart', 'cottagecoreaesthetic', 'magicalrealism', 'wallpaperdump', 'cuteanime', 'animebackground', 'aestheticwallpaper', 'ghibliinspired', 'portraitwallpaper']",https://www.instagram.com/p/DajKvXGFREq/,0.0,0,2026-07-08T22:58:16.000Z,hibiwall,Hibiwall,
https://www.instagram.com/explore/tags/ghibliart/,3937031061287820350,DajJOQVvVw-,"Some of us begged our parents for GTA V…
Now we’re the ones checking if it’s cash or card for GTA VI. 💸🎮

#GTAVI #GTAV #GamingMemes #GhibliArt #Nostalgia","['GTAVI', 'GTAV', 'GamingMemes', 'GhibliArt', 'Nostalgia']",https://www.instagram.com/p/DajJOQVvVw-/,127.0,1,2026-07-08T22:45:01.000Z,mrbeanmemez,Mr Bean Memes,USA
https://www.instagram.com/explore/tags/ghibliart/,3937008916458590259,DajEMAXD1Az,"Howl & Sophie.

______
#elincreiblecastillovagabundo  #studioghiblitattoo #ghibliart","['elincreiblecastillovagabundo', 'studioghiblitattoo', 'ghibliart']",https://www.instagram.com/p/DajEMAXD1Az/,5.0,1,2026-07-08T22:00:57.000Z,mr_whyskers,Mr. Whyskers,"Mexico City, Mexico"
https://www.instagram.com/explore/tags/ghibliart/,3936921446556659399,DaiwTJqoG7H,"The world before sunrise belongs to those willing to glide through it.

This scene lives somewhere between dream and memory - that impossible hush when the light is gold and everything alien feels sacred.

Save it for your screen and follow for a new wallpaper every day. Yours to keep.
🔗 link in bio

#GhibliWallpaper #Nausicaa #NausicaaOfTheValleyOfTheWind #StudioGhibli #GhibliArt #AnimeWallpaper #PhoneWallpaper #4KWallpaper #AestheticWallpaper #AnimeAesthetic #GhibliMagic #ToxicJungle #AnimeArt #WallpaperOfTheDay #IPhoneWallpaper #FantasyArt #DreamyAesthetic #GoldenHour #AnimeFan #GhibliFilms","['GhibliWallpaper', 'Nausicaa', 'NausicaaOfTheValleyOfTheWind', 'StudioGhibli', 'GhibliArt', 'AnimeWallpaper', 'PhoneWallpaper', '4KWallpaper', 'AestheticWallpaper', 'AnimeAesthetic', 'GhibliMagic', 'ToxicJungle', 'AnimeArt', 'WallpaperOfTheDay', 'IPhoneWallpaper', 'FantasyArt', 'DreamyAesthetic', 'GoldenHour', 'AnimeFan', 'GhibliFilms']",https://www.instagram.com/p/DaiwTJqoG7H/,0.0,0,2026-07-08T19:07:14.000Z,hibiwall,Hibiwall,
https://www.instagram.com/explore/tags/ghibliart/,3936871768551853698,DailAPazA6C,Not just art it's my devotion #lordkrishna #kanha #drawing #sketch #ghibliart,"['lordkrishna', 'kanha', 'drawing', 'sketch', 'ghibliart']",https://www.instagram.com/p/DailAPazA6C/,2.0,0,2026-07-08T17:28:31.000Z,nia_indu,सफ़र ए ज़िंदगी,
https://www.instagram.com/explore/tags/ghibliart/,3936839537887967066,DaidrORhnda,"Ghiblified! 😊
.
.
#ghibli #ghiblistudio #ghibliart #ghiblified","['ghibli', 'ghiblistudio', 'ghibliart', 'ghiblified']",https://www.instagram.com/p/DaidrORhnda/,6.0,0,2026-07-08T16:24:29.000Z,vanishiv_,Vani Shivashankar,
https://www.instagram.com/explore/tags/ghibliart/,3936827417884957396,Daia62pDRrU,"A little powdered sugar, red bean peeking out the sides, steam still rising off a pancake that's barely cooled — simple treats are sometimes the hardest ones to stop thinking about.

#cozyaesthetic #ghibliart #animewatercolor #digitalillustration #cozyfoodseries #slowlivingaesthetic #aestheticillustration #foodillustration #cozyvibes #watercolorart #dorayaki #japanesesweets #tokyoaesthetic #redbeanpaste #traditionalconfectionery #anko #japanesedessert #teatimetreat #sweetshopaesthetic #comfortdessert""","['cozyaesthetic', 'ghibliart', 'animewatercolor', 'digitalillustration', 'cozyfoodseries', 'slowlivingaesthetic', 'aestheticillustration', 'foodillustration', 'cozyvibes', 'watercolorart', 'dorayaki', 'japanesesweets', 'tokyoaesthetic', 'redbeanpaste', 'traditionalconfectionery', 'anko', 'japanesedessert', 'teatimetreat', 'sweetshopaesthetic', 'comfortdessert""']",https://www.instagram.com/p/Daia62pDRrU/,0.0,0,2026-07-08T16:00:22.000Z,theloomvale,Loomvale,"Tokyo, Japan"
https://www.instagram.com/explore/tags/ghibliart/,3936810269266111445,DaiXBTvt2vV,Chasing the moonlight under the dark skies. A royal legacy on a quiet night. 🌌🖤#ghibliart #punjabiaesthetic #nightvibe #royallook,"['ghibliart', 'punjabiaesthetic', 'nightvibe', 'royallook']",https://www.instagram.com/p/DaiXBTvt2vV/,10.0,15,2026-07-08T15:26:19.000Z,iam_roye_,ਮਿੰਨੀ ਸਿੰਘ 💗,Punjab (India)
https://www.instagram.com/explore/tags/ghibliart/,3936782000853213481,DaiQl8vAeEp,"4 face Caricature Frames!!

Book yours now from our website craftscientist.co.in (Link in bio) or Contact us on WhatsApp/Instagram for customizations ✨

Booking on Website -> craftscientist.co.in (Link in bio)
📍Check out Category : Frames -> Caricature Frames
📍Click on the product -> Choose the Size -> Add the product to cart -> Proceed to place the order (We will get back on WhatsApp for photos/customizations (if any) once the order is confirmed)

(Contact us on WhatsApp or Instagram for sold out products)

#CraftScientist #AnvithaAcharya #CraftMaterials #beads #GhibliArt #PhotoCutout #CaricatureCutout","['CraftScientist', 'AnvithaAcharya', 'CraftMaterials', 'beads', 'GhibliArt', 'PhotoCutout', 'CaricatureCutout']",https://www.instagram.com/p/DaiQl8vAeEp/,17.0,0,2026-07-08T14:30:08.000Z,craft_scientist,Craft Scientist,
https://www.instagram.com/explore/tags/ghibliart/,3936763888791942780,DaiMeYkB3Z8,"Me🫣
Once again lost in Ghibli world 🌿✨
If this was a movie, what would it be called? 👇
#Ghibli #GhibliArt #studioghibli","['Ghibli', 'GhibliArt', 'studioghibli']",https://www.instagram.com/p/DaiMeYkB3Z8/,3.0,2,2026-07-08T13:54:11.000Z,sneyra1007,Snēhå Arshį,
https://www.instagram.com/explore/tags/ghibliart/,3936751330350550046,DaiJnoml0we,"Some nights the sky is so big it makes all your problems tiny.

This one is yours to keep - set it free on your screen and let it remind you that adventure is always just over the next cloud.

Follow for a new wallpaper every day and save this one before it disappears.
🔗 link in bio

#GhibliWallpaper #CastleInTheSky #LaputaGhibli #StudioGhibli #AnimeWallpaper #PhoneWallpaper #4KWallpaper #AestheticWallpaper #NightSkyArt #AnimeAesthetic #GhibliArt #WallpaperOfTheDay #LockScreenWallpaper #AnimeFan #CozyAnime #AIWallpaper #StarryNight #FantasyArt","['GhibliWallpaper', 'CastleInTheSky', 'LaputaGhibli', 'StudioGhibli', 'AnimeWallpaper', 'PhoneWallpaper', '4KWallpaper', 'AestheticWallpaper', 'NightSkyArt', 'AnimeAesthetic', 'GhibliArt', 'WallpaperOfTheDay', 'LockScreenWallpaper', 'AnimeFan', 'CozyAnime', 'AIWallpaper', 'StarryNight', 'FantasyArt']",https://www.instagram.com/p/DaiJnoml0we/,0.0,0,2026-07-08T13:29:14.000Z,hibiwall,Hibiwall,
https://www.instagram.com/explore/tags/ghibliart/,3936691780510867497,Dah8FEfjOAp,"Thank you Serena for your trust🥹
I loved every second of it🫶🏼

There's few appointments left in the summer, DM me if you want to book💌

Everyone who books an appointment with me until the end of August, gets a little discount as well✨

#tattooidea #budapesttattoo #tattoobudapest #colourtattoo #ghibliart","['tattooidea', 'budapesttattoo', 'tattoobudapest', 'colourtattoo', 'ghibliart']",https://www.instagram.com/p/Dah8FEfjOAp/,-1.0,5,2026-07-08T11:30:52.000Z,_adritatts_,Stier Adri,"Budapest, Hungary"
https://www.instagram.com/explore/tags/ghibliart/,3936667184040150110,Dah2fJPpoRe,"সেই ক্যাশ বক্সের গল্প কি এখানেও ফিরে এলো? 
আজ রাত ৮টায় জানবেন সিরিজের শেষ পর্ব। 🍲

— চিত্রপট 🌿

#চিত্রপট #ghibliart #bengalistorytelling","['চিত্রপট', 'ghibliart', 'bengalistorytelling']",https://www.instagram.com/p/Dah2fJPpoRe/,3.0,9,2026-07-08T10:42:02.000Z,chitropot.art,চিত্রপট | Ghibli Art,Khulna
https://www.instagram.com/explore/tags/ghibliart/,3936616260734153785,Dahq6HOFfQ5,"hi, i'm back 🌿 this is the first thing i finished after some time away — an oil pastel piece, still figuring out where the colors wanted to go.

i went quiet for a bit because i needed to rest, really rest, not just from posting but from everything. i wasn't sure how to come back until i just... did. and this drawing felt like the right way to say hi again.
thank you for still being here. i hope we get to keep growing, sharing, and being cozy together; one small thing at a time. 

#oilpastel #ghibliart #digitalart #artistsoninstagram #cozycreator","['oilpastel', 'ghibliart', 'digitalart', 'artistsoninstagram', 'cozycreator']",https://www.instagram.com/p/Dahq6HOFfQ5/,31.0,6,2026-07-08T09:01:33.000Z,gurlyghibli,Bell · Ghibli Girl · Cozy Art & Anime,
https://www.instagram.com/explore/tags/ghibliart/,3936539933437815744,DahZjZ4s2vA,"Ghibli Sulcata 🎬
.
#feiniu #sulcatatortoise #malaysia #ghibliart #petportrait","['feiniu', 'sulcatatortoise', 'malaysia', 'ghibliart', 'petportrait']",https://www.instagram.com/p/DahZjZ4s2vA/,14.0,0,2026-07-08T06:33:04.000Z,two_tortoises_diary,Jurassic Tortoises | Pet Blog | Malaysia,"Kuala Lumpur, Malaysia"
https://www.instagram.com/explore/tags/ghibliart/,3936539419058024643,DahZb61RrDD,"Today’s film review is on Howl’s Moving Castle which was originally released on June 17th, 2005.💁🏼‍♂️👵🏼🏰🦅🔥
Howl’s Moving Castle is within both the family and fantasy film genres and can now be watched on HBO MAX, Amazon Prime Video add ons, Hulu add ons, Apple TV, DVD, and more.🍿👀 

In my opinion Howl’s Moving Castle is a great film, a film I find very interesting, a film I enjoy many parts of, a film I find very entertaining/ watchable, and a film I overall rate a 8.1 out of 10.😎
YES I would highly recommend many people including children, teenagers, adults, and or more people watch this film. It’s a film for all ages and It’s a must watch in general and especially if you enjoy animation films.✅ 
The best parts/ elements of Howl’s Moving Castle?👍🏼
The animation, the characters, the voice acting, the adventure elements, the fantasy/ imagination elements, the mystery elements, the drama/ suspense elements, the magic powers displayed, the pacing of the film, the costume designs, the conclusion of the film, and more.
The decent parts/ elements of Howl’s Moving Castle?😐
The plot, the villains, the romance elements, the music score, the family elements, and more.
The worst parts/ elements of Howl’s Moving Castle?👎🏼
At times it’s hard to follow the story and what’s going on coherently especially as a first time watcher, the action elements (not enough), the comedy elements (not enough), and more.
Despite my criticism above this film is overall great and is definitely worth the watch and or watch’s from most people any age.🤗

Therefore this my honest review on the great film Howl’s Moving Castle. (2005)🧙🏻‍♀️🔮🐶‼️
Thank you for reading this film review on Howl’s Moving Castle and may you have magical rest of your day.🪄

#howlsmovingcastle 
#studioghibli 
#ghibliart 
#animeaesthetic 
#fantasyart","['howlsmovingcastle', 'studioghibli', 'ghibliart', 'animeaesthetic', 'fantasyart']",https://www.instagram.com/p/DahZb61RrDD/,-1.0,0,2026-07-08T06:28:57.000Z,filmcriticc,Film Criticc🧐,
https://www.instagram.com/explore/tags/ghibliart/,3936519155893529458,DahU1DSjety,"The kind of place I'd like to disappear to for an afternoon💐🦋🐝☁️

#artmood #artoninstagram #clouds #ghibliart #paint","['artmood', 'artoninstagram', 'clouds', 'ghibliart', 'paint']",https://www.instagram.com/p/DahU1DSjety/,251.0,5,2026-07-08T05:47:53.000Z,san_in_artland,S A N,
https://www.instagram.com/explore/tags/ghibliart/,3936495716369591598,DahPf9iDm0u,"The whole town is underwater and Ponyo has never been happier.

There's something about this scene that hits different - pure joy in the middle of chaos, the world turned completely upside down and it's somehow perfect.

Save this for your lock screen and follow for a new wallpaper every single day. Yours to keep.
🔗 link in bio

#GhibliWallpaper #Ponyo #StudioGhibli #AnimeWallpaper #GhibliArt #PhoneWallpaper #AestheticWallpaper #AnimeAesthetic #CuteAnime #GhibliMagic #WallpaperOfTheDay #4KWallpaper #LockScreenWallpaper #AnimeLovers #GhibliScene #MagicalAnime #JapaneseAnimation #WallpaperArt #PhoneAesthetic","['GhibliWallpaper', 'Ponyo', 'StudioGhibli', 'AnimeWallpaper', 'GhibliArt', 'PhoneWallpaper', 'AestheticWallpaper', 'AnimeAesthetic', 'CuteAnime', 'GhibliMagic', 'WallpaperOfTheDay', '4KWallpaper', 'LockScreenWallpaper', 'AnimeLovers', 'GhibliScene', 'MagicalAnime', 'JapaneseAnimation', 'WallpaperArt', 'PhoneAesthetic']",https://www.instagram.com/p/DahPf9iDm0u/,0.0,0,2026-07-08T05:01:23.000Z,hibiwall,Hibiwall,
https://www.instagram.com/explore/tags/ghibliart/,3936491105797307589,DahOc3miHzF,"Trying to capture the quiet bravery of Chihiro.
Spirited away
#spiritedaway #chihiro #studioghibli #ghibliart #spiritedawayart #chihiroogino #ghiblifanart #hayaomiyazaki #hakuandchihiro","['spiritedaway', 'chihiro', 'studioghibli', 'ghibliart', 'spiritedawayart', 'chihiroogino', 'ghiblifanart', 'hayaomiyazaki', 'hakuandchihiro']",https://www.instagram.com/p/DahOc3miHzF/,5.0,0,2026-07-08T04:52:09.000Z,anime7artist,Anime Sketches,
https://www.instagram.com/explore/tags/ghibliart/,3936479437781156856,DahLzE6k0P4,"Brown Cotton Kurti Outfit | Casual Ethnic Fashion | Ghibli Style Anime Art
Pink Kurti Outfit Inspiration | Cute Ghibli Style Fashion Art
Yellow Kurti Look | Trendy Ethnic Outfit | Ghibli Anime Aesthetic#EthnicFashion #GhibliArt #AnimeGirl #FashionStyle #KurtiDesign OutfitInspiration DailyWear PinterestFashion TrendingFashion","['EthnicFashion', 'GhibliArt', 'AnimeGirl', 'FashionStyle', 'KurtiDesign']",https://www.instagram.com/p/DahLzE6k0P4/,0.0,0,2026-07-08T04:28:58.000Z,beuty_care_life_,beauty care life style,
https://www.instagram.com/explore/tags/ghibliart/,3600290791614359951,DH2zWZaSKmP,"Our forever, reimagined in Ghibli magic. 🌿💛

Every frame tells a story of love. 💍✨

#GhibliArt #Engaged #Love #Forever #CoupleGoals DreamyVibes","['GhibliArt', 'Engaged', 'Love', 'Forever', 'CoupleGoals']",https://www.instagram.com/p/DH2zWZaSKmP/,2.0,0,2025-03-31T08:02:09.000Z,sasiragul_akshaya,RAGUL❤️AKSHAYA,Cuddalore
https://www.instagram.com/explore/tags/ghiblistyle/,3937203982799271690,DajwimDAPcK,"Those rainy memories lingering deep in my mind

#dgk #desighiblikitchen #asmr #ghiblistyle #indianvillagelife #90saesthetic","['dgk', 'desighiblikitchen', 'asmr', 'ghiblistyle', 'indianvillagelife', '90saesthetic']",https://www.instagram.com/p/DajwimDAPcK/,2.0,0,2026-07-09T04:28:31.000Z,desighiblikitchen,Desi Ghibli Kitchen,
https://www.instagram.com/explore/tags/ghiblistyle/,3936827189799615633,Daia3iOGvyR,"🌱adventure awaits…your guide to this saturday’s studio ghibli themed market is here⋆˚꩜｡ join us for a day filled with whimsical vendors, unique finds & storybook vibes🎐

july 11th 11 am - 5 pm
3366 adams ave✨

#thingstodoinsandiego #studioghibli #ghiblistyle #whimsygirl #whimsical","['thingstodoinsandiego', 'studioghibli', 'ghiblistyle', 'whimsygirl', 'whimsical']",https://www.instagram.com/p/Daia3iOGvyR/,-1.0,9,2026-07-08T15:59:54.000Z,manicpixiedreammarket,Manic Pixie Dream Market ༊·˚,"San Diego, California"
https://www.instagram.com/explore/tags/ghiblistyle/,3936805528290651107,DaiV8UXjuvj,"Poleron de polar 🌸 Kaonashi 
Puedes elegir cualquier estampado, tienen bolsillos y capucha.
.
#kaonashi #ghiblistyle #hoodie #hoodieseason #streetstyle","['kaonashi', 'ghiblistyle', 'hoodie', 'hoodieseason', 'streetstyle']",https://www.instagram.com/p/DaiV8UXjuvj/,-1.0,0,2026-07-08T15:16:51.000Z,moonblacklegacy,MoonBlack,
https://www.instagram.com/explore/tags/ghiblistyle/,3936788116747255336,DaiR-8msv4o,"Home isn't a place, sometimes it purrs. 🐾

#GhibliStyle #CozyVibes #CatLover #Aesthetic #viral","['GhibliStyle', 'CozyVibes', 'CatLover', 'Aesthetic', 'viral']",https://www.instagram.com/p/DaiR-8msv4o/,2.0,0,2026-07-08T14:42:20.000Z,whispering__studio,Whispering Frames,
https://www.instagram.com/explore/tags/ghiblistyle/,3936436862059282272,DahCHhLy_9g,#BrokenHero #OneSidedLove #TamilQuotes #HeartBreak #GhibliStyle LoveFailure Emotional SadVibes xhxxtxx_kathalan🥀,"['BrokenHero', 'OneSidedLove', 'TamilQuotes', 'HeartBreak', 'GhibliStyle']",https://www.instagram.com/p/DahCHhLy_9g/,-1.0,3,2026-07-08T03:04:26.000Z,xhxxtxx_kathalan_002,broken_ hero,
https://www.instagram.com/explore/tags/ghiblistyle/,3936262898289451313,DagakAzF6Ex,"""Sometimes true love waits through every storm. 🌧️🌈❤️ One bouquet, one promise, and a happy ending worth waiting for.

#LoveStory #RainLove #CoupleGoals #Romantic #TrueLove #LoveWins #EmotionalStory #Cinematic #GhibliStyle #3DArt #AIArt #AIAnimation #MakotoStyle #LoveReels #InstagramReels #ViralReels #Trending #ExplorePage #FYP #ShortsViral #Rainbow #HappyEnding #Romance #CoupleReels #4KArt #8KArt #DigitalArt #ReelsIndia #Storytelling #ViralVideo","['LoveStory', 'RainLove', 'CoupleGoals', 'Romantic', 'TrueLove', 'LoveWins', 'EmotionalStory', 'Cinematic', 'GhibliStyle', '3DArt', 'AIArt', 'AIAnimation', 'MakotoStyle', 'LoveReels', 'InstagramReels', 'ViralReels', 'Trending', 'ExplorePage', 'FYP', 'ShortsViral', 'Rainbow', 'HappyEnding', 'Romance', 'CoupleReels', '4KArt', '8KArt', 'DigitalArt', 'ReelsIndia', 'Storytelling', 'ViralVideo']",https://www.instagram.com/p/DagakAzF6Ex/,0.0,0,2026-07-07T21:18:58.000Z,nextgen.ai_sh,Dreamora.ai,"Delhi, India"
https://www.instagram.com/explore/tags/ghiblistyle/,3936231771042385251,DagTfDSlo1j,"✨ Every beautiful journey begins with a single moment. ❤️🌹 

Follow for more @nextgen.ai_sh

#DreamyVibesHashtags:#Reels #InstagramReels #ViralReels #ExplorePage #Trending #LoveStory #CoupleGoals #Romantic #Cinematic #Aesthetic #GhibliStyle #3DArt #AIArt #Shorts #FYP #Viral #InstaGood #Dreamy #Love #Animation","['DreamyVibesHashtags:', 'Reels', 'InstagramReels', 'ViralReels', 'ExplorePage', 'Trending', 'LoveStory', 'CoupleGoals', 'Romantic', 'Cinematic', 'Aesthetic', 'GhibliStyle', '3DArt', 'AIArt', 'Shorts', 'FYP', 'Viral', 'InstaGood', 'Dreamy', 'Love', 'Animation']",https://www.instagram.com/p/DagTfDSlo1j/,0.0,0,2026-07-07T20:17:07.000Z,nextgen.ai_sh,Dreamora.ai,"Delhi, India"
https://www.instagram.com/explore/tags/ghiblistyle/,3936183834315906692,DagIlevCN6E,"Ghibli‑cafe (Le Renard Café) and manga shop in Paris 🐇

#foggycattlife #jiraikei #jiraikeifashion 
#ryousangata #ghiblistyle","['foggycattlife', 'jiraikei', 'jiraikeifashion', 'ryousangata', 'ghiblistyle']",https://www.instagram.com/p/DagIlevCN6E/,92.0,1,2026-07-07T18:41:40.000Z,hoshi.yokai,Viktoriia C.,"Paris, France"
https://www.instagram.com/explore/tags/ghiblistyle/,3936138531632938085,Daf-SPUtXxl,"Peinture dans un café trop kawaï 👘🍵

#plumblossom #墨絵 #ghiblistyle","['plumblossom', '墨絵', 'ghiblistyle']",https://www.instagram.com/p/Daf-SPUtXxl/,0.0,0,2026-07-07T17:15:15.000Z,grosse_dondon,Eli APB,Geurimi
https://www.instagram.com/explore/tags/ghiblistyle/,3936132061190494790,Daf80FQSRpG,🌸☔ Walking through a rainy Korean street with you feels like a dream ✨💕#KoreanCouple #AnimeArt #GhibliStyle #AestheticArt #CoupleGoals DigitalArt RomanticVibes AnimeCouple KDramaVibes CuteCouple,"['KoreanCouple', 'AnimeArt', 'GhibliStyle', 'AestheticArt', 'CoupleGoals']",https://www.instagram.com/p/Daf80FQSRpG/,2.0,0,2026-07-07T16:58:51.000Z,petalpixelart7,PetalPixelArt,
https://www.instagram.com/explore/tags/ghiblistyle/,3936089852035586602,DafzN26mdoq,"Where silence meets horsepower, even the blossoms stop to admire. 🌸🖤

.
.
.

#Porsche911GT3RS #Porsche #CherryBlossom #MakotoShinkai #GhibliStyle AnimeAesthetic LuxuryCars CarPhotography JDM DreamCar Cinematic CarLovers Wallpaper Explore FYP","['Porsche911GT3RS', 'Porsche', 'CherryBlossom', 'MakotoShinkai', 'GhibliStyle']",https://www.instagram.com/p/DafzN26mdoq/,-1.0,6,2026-07-07T15:34:56.000Z,nextgen_edits__ai,Vishal Prajapat,India : इंडिया
https://www.instagram.com/explore/tags/ghiblistyle/,3936068560533101710,DafuYBqKJyO,"🔥In Berlin ist noch bis zum 11.7. der Ghibli Pop-Up Store geöffnet und @sari_goestowonderland und ich mussten unbedingt nochmal vorbei schauen.
Letztes Jahr war ich in Kyoto im Ghibli Laden, der einfach wunderschön war und dementsprechend habe ich nicht erwartet, dass ein Pop-up Store da mithalten kann. Aber tatsächlich sind wirklich schöne Sachen zu finden. Viiiiele Kuscheltiere (mein Kryptonit🫣), aber auch Tassen, Artwork, Figuren, Bento etc. Eine kleine, aber feine Auswahl. Preise sind saftig, aber gutes Ghibli Merch ist auch leider nicht einfach zu finden.

Ein paar Sachen sind mitgekommen und mein Mann konnte nur noch mit dem Augen rollen. Die Ausrede, es würde sicher auch unserer Tochter gefallen (die immernoch nicht auf der Welt ist) zieht leider nicht mehr 😂

Mein Lieblingsfilm ist Das wandelnde Schloss 😍 Calcifer mein Lieblingscharakter und oh man..war ich als Kind verknallt in Haúro. 🤭 

Wär das auch was für dich? 

#ghiblimerch #ghiblishop #ghiblistyle #ghibliplush #ghiblipopupshopsf","['ghiblimerch', 'ghiblishop', 'ghiblistyle', 'ghibliplush', 'ghiblipopupshopsf']",https://www.instagram.com/p/DafuYBqKJyO/,12.0,1,2026-07-07T14:52:42.000Z,spooktacular.sinah,,Berlin Germany
https://www.instagram.com/explore/tags/ghiblistyle/,3936048687987967491,Dafp216KkYD,#autriceenherbe #yokai #japonmystique #ghiblistyle #motivation,"['autriceenherbe', 'yokai', 'japonmystique', 'ghiblistyle', 'motivation']",https://www.instagram.com/p/Dafp216KkYD/,2.0,0,2026-07-07T14:13:14.000Z,mamoru_onesan_auteure,まもる,
https://www.instagram.com/explore/tags/ghiblistyle/,3935916094077458071,DafLtWNOtaX,#ghiblistyle #greenary🌿 #aiart #animevibes #viralghibli,"['ghiblistyle', 'greenary🌿', 'aiart', 'animevibes', 'viralghibli']",https://www.instagram.com/p/DafLtWNOtaX/,0.0,0,2026-07-07T09:50:53.000Z,_badla0_,Askelad,
https://www.instagram.com/explore/tags/ghiblistyle/,3935915479586692542,DafLkZ6ud2-,#aiart #fantasy #animescenes #ghiblistyle,"['aiart', 'fantasy', 'animescenes', 'ghiblistyle']",https://www.instagram.com/p/DafLkZ6ud2-/,0.0,0,2026-07-07T09:49:22.000Z,_badla0_,Askelad,
https://www.instagram.com/explore/tags/ghiblistyle/,3935894101024599426,DafGtTlIG2C,"Lost in the rain. Guided by a single light. 🌧️🏰✨

#GhibliInspired #GhibliStyle #aistory #horror #kidsvideos","['GhibliInspired', 'GhibliStyle', 'aistory', 'horror', 'kidsvideos']",https://www.instagram.com/p/DafGtTlIG2C/,-1.0,0,2026-07-07T09:06:04.000Z,ai_visiontale,Miniature cooking,
https://www.instagram.com/explore/tags/ghiblistyle/,3935875246101429793,DafCa7kIP4h,"Some days don't need words—just rain, a warm cup of coffee hot ramen 🍜, and a little peace. 🌧️☕🍃
A quiet day. A gentle rain. A heart at peace. 🤍
The world outside was loud. My little corner stayed calm. 🌧️✨
Finding magic in slow mornings and rainy windows. 🍂☔
Not every beautiful moment needs to be shared with words. 🌿🎧
Rain on the window. Lo-fi in my ears. Peace in my soul. 🌧️🎶
Living one slow, rainy moment at a time. ☕📖
The rain will stop. The peace will stay. 🤍🌧️
Hashtags:
#GhibliStyle #RainyDay #CozyVibes #LofiAesthetic #SlowLiving Anime aesthetic Peaceful life Rain sounds Cozy  Studios ghibli inspired","['GhibliStyle', 'RainyDay', 'CozyVibes', 'LofiAesthetic', 'SlowLiving']",https://www.instagram.com/p/DafCa7kIP4h/,-1.0,0,2026-07-07T08:28:37.000Z,ai_visiontale,Miniature cooking,
https://www.instagram.com/explore/tags/ghiblistyle/,3935769623025198601,DaeqZ6aMKYJ,Cozy Rural Stone House at Night with Moonlit Rice Terraces and Sleeping Child #ghibli #ghiblistyle #ghibiliart❤️,"['ghibli', 'ghiblistyle', 'ghibiliart❤️']",https://www.instagram.com/p/DaeqZ6aMKYJ/,0.0,0,2026-07-07T04:58:44.000Z,pureghibliofficial,Pure Ghibli,
https://www.instagram.com/explore/tags/ghiblistyle/,3935326535305867848,DadFqI0EzJI,"✨ Guess who these characters are? 👀🤍
Only real fans will know. 😉
Drop your answer below! ⬇️
Hashtags: #GuessTheCharacters #OnlyRealFans #AnimeEdit #GhibliStyle #FanArt DigitalArt Aesthetic RainVibes FYP Explore Trending","['GuessTheCharacters', 'OnlyRealFans', 'AnimeEdit', 'GhibliStyle', 'FanArt']",https://www.instagram.com/p/DadFqI0EzJI/,-1.0,0,2026-07-06T14:18:22.000Z,hushframes._,,
https://www.instagram.com/explore/tags/ghiblistyle/,3935226779127620948,Dacu-fogaVU,"indenay_juns YouTubeチャンネル 「#ムビダムAI」 にて短編映画を定期配信中！
描くのは、完全オリジナル脚本による小さな映像のユニバース。
季節が巡り、時代が移ろい、人の心が静かに変わっていく瞬間を、映画のワンシーンのように丁寧に紡いでいきます。
日本の美しさを、生成AIアニメーションで再構築する。
これは、大人のための映像絵本。まだ誰も見たことのない物語のはじまりです。
皆様からのコメントをお待ちしております。

▶️ チャンネル登録・フォロー・いいね！ぜひよろしくお願いします！
🎥 YouTube → プロフィールのリンクからどうぞ
（youtube.com/@moviedom_ai）

#生成AIアニメ #AIアニメ #二十四節気 #七十二候
#日本の四季 #JapaneseSeasons
#JapaneseAnimationAI #JapanLife #TraditionalJapan
#ghiblistyle 

━━━━━━━━━━━━━━━
【生まれてみてはみたけれど】
母うみは、パート面接に備えてスマホの「AI面接トレーニング」に挑戦する。しかし「自己PRを30秒で」と求められると、焦って言葉が出ず、AIのカウントに追い詰められて落ち込んでしまう。父サンは将棋アプリに三手で負けた話で励まし、長女真夏は「AIは正解を言えるけど、人生に正解はない」と静かに伝える。うみは一度は録音練習を続けようとするが、やがて「正解じゃなくて、本当でいく」と決意し、AIに合わせることをやめる。面接後、うみは「落ちたかも」と沈んで帰宅するが、「ちゃんと自分の言葉で話せた」と打ち明ける。真夏は「それが一番通るやつ」と安心させ、サンも満足そうにうなずく。結果よりも、自分を誤魔化さず話せたことが、家族にとって大切な一歩になる。

━━━━━━━━━━━━━━━
【半夏生】
半夏生（はんげしょうず）は、夏至を過ぎ、梅雨の終わりが近づく頃、半夏が生え始める候です。半夏を表す六項目で見ると、まず湿った田畑や水辺に、夏の深まりを告げるかすかな気配が漂います。やがて緑の中に白く染まった葉が現れ、周囲から少し浮き上がるような違和を生みます。その白と緑の姿は、梅雨と夏、湿り気と強い日差しの境目を映しているようです。雨の季節が断ち切られるように空が明るくなると、半夏の白さはいっそう際立ちます。花のようで葉でもあるその姿は、見る人の心に静かな余韻を残します。そして季節は、長雨の重さから盛夏の熱へと変転していきます。半夏生は、夏が次の段階へ移る合図です。

━━━━━━━━━━━━━━━
【行事食】
【行事食】は、現代の日本食において、季節の節目や家族の記憶を食卓に映す文化です。押鮨は、魚や酢飯を重ねて形にすることで、祝いの日の華やかさと土地の味を伝えます。御節は、新年への願いを一品ごとに込め、家族が同じ重箱を囲む時間を生みます。雑煮は、地域ごとに出汁や餅の形が異なり、ふるさとの記憶を呼び起こします。七草粥は、正月明けの体を整え、若菜の香りで春の兆しを感じさせます。素麺は、涼やかな見た目とのど越しで、夏の暑さをやさしく受け流します。行事食は、ただ食べるものではなく、季節、祈り、家族、地域をつなぎ、現代の暮らしにも受け継がれる日本の時間の味です。

━━━━━━━━━━━━━━━
【食卓問題】
現代の食卓問題を、世界中の人々が身近に感じられる映像テーマとして切り取りました。食の欧米化により便利で華やかなメニューが広がる一方、伝統的な食事のバランスは少しずつ揺らいでいく。不規則な食事時間は体のリズムを乱し、孤食は会話や見守りの機会を減らし、気づかないうちに栄養不足を招く。さらに、外食や惣菜、宅配に頼る食の外部化は、手軽さと引き換えに食材や栄養への意識を遠ざける。痩せすぎや栄養不足と、食べ過ぎによる栄養過多が同時に存在する矛盾は、現代社会の豊かさと不安を象徴する。日々の一皿を通して、健康、孤独、便利さ、選択の難しさを描く、現代的で考えさせる食卓エンタメ映像です。

━━━━━━━━━━━━━━━
#cinematic #shortfilm #visualstorytelling #japan
#aesthetic #emotional #shortvideo #日本語学習
#AIアニメ #家族アニメ #AI面接
#就活 #半夏生 #夏至 #行事食
#食卓問題 #日本文化","['ムビダムAI」', '生成AIアニメ', 'AIアニメ', '二十四節気', '七十二候', '日本の四季', 'JapaneseSeasons', 'JapaneseAnimationAI', 'JapanLife', 'TraditionalJapan', 'ghiblistyle', 'cinematic', 'shortfilm', 'visualstorytelling', 'japan', 'aesthetic', 'emotional', 'shortvideo', '日本語学習', '家族アニメ', 'AI面接', '就活', '半夏生', '夏至', '行事食', '食卓問題', '日本文化']",https://www.instagram.com/p/Dacu-fogaVU/,3.0,0,2026-07-06T11:00:10.000Z,moviedom1201,MOVIEDOM/ムビダム,
https://www.instagram.com/explore/tags/ghiblistyle/,3935033829996361651,DacDGtwE_ez,"Of you don't play with me I will start crying...
•
📸 Via 📷: Unknown, tag to credit!
All credit are reserved for their respective Owners
•
💥Want credit or removal?👉 DM @ fixposts
•
🛒Check out our latest T-Shirt collection!
🛒𝗦𝗛𝗢𝗣 𝗡𝗢𝗪 𝗟𝗜𝗡𝗞 𝗜𝗡 𝗠𝗬 𝗕𝗜𝗢 𝗪𝗼𝗿𝗹𝗱𝘄𝗶𝗱𝗲 𝗦𝗵𝗶𝗽𝗽𝗶𝗻𝗴🌎
•
•
•
•
#hayaomiyazaki#whenmarniewasthere#laputacastleinthesky#thetaleofprincesskaguya#ghiblistudio#onlyyesterday#oldschoolanime#arrietty#ghiblimovies#ponyo#whisperoftheheart#nausicaaofthevalleyofthewind#talesfromearthsea#ghiblifilm#studioghiblimovies#howlsmovingcastleedit#estudioghibli#hayaomiyazakifilms#ghiblistyle#spiritedawaynoface#arriettytheborrower#ghiblimovie#thetaleoftheprincesskaguya#studioghibliedits#ghibliscene#ghiblianimation","['hayaomiyazaki', 'whenmarniewasthere', 'laputacastleinthesky', 'thetaleofprincesskaguya', 'ghiblistudio', 'onlyyesterday', 'oldschoolanime', 'arrietty', 'ghiblimovies', 'ponyo', 'whisperoftheheart', 'nausicaaofthevalleyofthewind', 'talesfromearthsea', 'ghiblifilm', 'studioghiblimovies', 'howlsmovingcastleedit', 'estudioghibli', 'hayaomiyazakifilms', 'ghiblistyle', 'spiritedawaynoface', 'arriettytheborrower', 'ghiblimovie', 'thetaleoftheprincesskaguya', 'studioghibliedits', 'ghibliscene', 'ghiblianimation']",https://www.instagram.com/p/DacDGtwE_ez/,37.0,0,2026-07-06T04:36:48.000Z,studioghiblisaw,studioghiblisaw,
https://www.instagram.com/explore/tags/ghiblistyle/,3934935500766900935,Dabsv1hSPLH,"Again Monday 🤧

#carporate 
#nostalgia
#kannadafilm 
#vishnu 
#ghiblistyle","['carporate', 'nostalgia', 'kannadafilm', 'vishnu', 'ghiblistyle']",https://www.instagram.com/p/Dabsv1hSPLH/,0.0,0,2026-07-06T01:21:29.000Z,artworld.4680851,cartoon world,
https://www.instagram.com/explore/tags/ghiblistyle/,3934810082445645191,DabQOwmzFWH,"#ghibli
#ghiblistyle
#studioghibli
#animeart
#animeillustration
digitalart
digitalartist
artwork
illustration
drawing
sketch
handdrawn
aesthetic
artofinstagram
instaart
artistsoninstagram
creative
artoftheday
artdaily
anime
animeedit
animeaesthetic
cinematic
cinematicart
visualstorytelling
emotionalart
love
truelove
lovequotes
relationship
relationshipgoals
healthyrelationship
realmen
gentleman
respect
kindness
humility
ego
noego
selflesslove
loyalty
trust
care
compassion
deepquotes
motivationalquotes
inspirationalquotes
lifequotes
quoteoftheday
mindset
selfgrowth
healing
positivity
positivevibes
viral
viralpost
viralreels
viralcontent
explore
explorepage
fyp
foryou
foryoupage
trending
trend
reels
reelitfeelit
instareels
reelsinstagram
instagram
instagramreels
instagood
dailyart
masterpiece
artlovers
artcommunity
beautiful
minimal
softaesthetic
peaceful
emotional
hearttouching
lovestory
romance
animefan
otaku
illustrationartists
creativeart
artistlife
viralart
contentcreator
socialmedia
photooftheday
edit
photoedit
wallpaper
mobilewallpaper
aestheticwallpaper
lovewithoutego
meninlove
respectmatters
reelviral","['ghibli', 'ghiblistyle', 'studioghibli', 'animeart', 'animeillustration']",https://www.instagram.com/p/DabQOwmzFWH/,-1.0,0,2026-07-05T21:12:18.000Z,a.boy.from.india,ABFI,
https://www.instagram.com/explore/tags/ghiblistyle/,3934779743908502749,DabJVRpEZzd,"A few moments from the beginning of her journey 🏡🍃💕
Watch full story in my reels 🫶✨️😇
Next part coming soon🫶🫶
 

#ghibli #ghiblistyle #studioghibli #cozystory #cottagecore","['ghibli', 'ghiblistyle', 'studioghibli', 'cozystory', 'cottagecore']",https://www.instagram.com/p/DabJVRpEZzd/,13.0,0,2026-07-05T20:11:59.000Z,ai_daizys_oasis,ai_Daizy's_Oasis,
