Run,Prompt,Runtime (s),Generated Text
1,Artificial intelligence is transforming,0.7155451774597168,"Artificial intelligence is transforming the way we think about the world. It's changing how we think about the world. It's changing how we think about the world.

The world is changing. It's changing how we think about the world.

The world is"
1,Climate change can be reduced by,0.5561165809631348,"Climate change can be reduced by reducing the amount of carbon dioxide in the atmosphere.

The study, published in the journal Nature Climate Change, found that the amount of carbon dioxide in the atmosphere is about the same as the amount of water vapor in the atmosphere.

"""
1,The future of renewable energy depends on,0.5244181156158447,"The future of renewable energy depends on the ability of the world's most powerful power companies to meet their renewable energy targets.

The world's largest power companies are already working on a plan to meet their renewable energy targets.

The world's largest power companies are already working on"
1,Machine learning models require,0.533257246017456,"Machine learning models require a lot of data to be processed.

The problem is that the data is not always available. For example, if you have a dataset of people who are in a relationship, you can't easily see which people are in the relationship.
"
1,Carbon footprint measurement helps,0.5403707027435303,"Carbon footprint measurement helps to determine the amount of carbon dioxide in the atmosphere.

The carbon dioxide in the atmosphere is a mixture of carbon dioxide and other gases. Carbon dioxide is a greenhouse gas, which means it is emitted by the sun.

The amount of"
2,Artificial intelligence is transforming,0.5189576148986816,"Artificial intelligence is transforming the way we think about the world. It's changing how we think about the world. It's changing how we think about the world.

The world is changing. It's changing how we think about the world.

The world is"
2,Climate change can be reduced by,0.5213606357574463,"Climate change can be reduced by reducing the amount of carbon dioxide in the atmosphere.

The study, published in the journal Nature Climate Change, found that the amount of carbon dioxide in the atmosphere is about the same as the amount of water vapor in the atmosphere.

"""
2,The future of renewable energy depends on,0.5494184494018555,"The future of renewable energy depends on the ability of the world's most powerful power companies to meet their renewable energy targets.

The world's largest power companies are already working on a plan to meet their renewable energy targets.

The world's largest power companies are already working on"
2,Machine learning models require,0.5403709411621094,"Machine learning models require a lot of data to be processed.

The problem is that the data is not always available. For example, if you have a dataset of people who are in a relationship, you can't easily see which people are in the relationship.
"
2,Carbon footprint measurement helps,0.5362260341644287,"Carbon footprint measurement helps to determine the amount of carbon dioxide in the atmosphere.

The carbon dioxide in the atmosphere is a mixture of carbon dioxide and other gases. Carbon dioxide is a greenhouse gas, which means it is emitted by the sun.

The amount of"
3,Artificial intelligence is transforming,0.5440411567687988,"Artificial intelligence is transforming the way we think about the world. It's changing how we think about the world. It's changing how we think about the world.

The world is changing. It's changing how we think about the world.

The world is"
3,Climate change can be reduced by,0.533517599105835,"Climate change can be reduced by reducing the amount of carbon dioxide in the atmosphere.

The study, published in the journal Nature Climate Change, found that the amount of carbon dioxide in the atmosphere is about the same as the amount of water vapor in the atmosphere.

"""
3,The future of renewable energy depends on,0.5210964679718018,"The future of renewable energy depends on the ability of the world's most powerful power companies to meet their renewable energy targets.

The world's largest power companies are already working on a plan to meet their renewable energy targets.

The world's largest power companies are already working on"
3,Machine learning models require,0.5348796844482422,"Machine learning models require a lot of data to be processed.

The problem is that the data is not always available. For example, if you have a dataset of people who are in a relationship, you can't easily see which people are in the relationship.
"
3,Carbon footprint measurement helps,0.5247626304626465,"Carbon footprint measurement helps to determine the amount of carbon dioxide in the atmosphere.

The carbon dioxide in the atmosphere is a mixture of carbon dioxide and other gases. Carbon dioxide is a greenhouse gas, which means it is emitted by the sun.

The amount of"
4,Artificial intelligence is transforming,0.5340065956115723,"Artificial intelligence is transforming the way we think about the world. It's changing how we think about the world. It's changing how we think about the world.

The world is changing. It's changing how we think about the world.

The world is"
4,Climate change can be reduced by,0.5342772006988525,"Climate change can be reduced by reducing the amount of carbon dioxide in the atmosphere.

The study, published in the journal Nature Climate Change, found that the amount of carbon dioxide in the atmosphere is about the same as the amount of water vapor in the atmosphere.

"""
4,The future of renewable energy depends on,0.5432074069976807,"The future of renewable energy depends on the ability of the world's most powerful power companies to meet their renewable energy targets.

The world's largest power companies are already working on a plan to meet their renewable energy targets.

The world's largest power companies are already working on"
4,Machine learning models require,0.5225517749786377,"Machine learning models require a lot of data to be processed.

The problem is that the data is not always available. For example, if you have a dataset of people who are in a relationship, you can't easily see which people are in the relationship.
"
4,Carbon footprint measurement helps,0.554311990737915,"Carbon footprint measurement helps to determine the amount of carbon dioxide in the atmosphere.

The carbon dioxide in the atmosphere is a mixture of carbon dioxide and other gases. Carbon dioxide is a greenhouse gas, which means it is emitted by the sun.

The amount of"
5,Artificial intelligence is transforming,0.5564670562744141,"Artificial intelligence is transforming the way we think about the world. It's changing how we think about the world. It's changing how we think about the world.

The world is changing. It's changing how we think about the world.

The world is"
5,Climate change can be reduced by,0.5438950061798096,"Climate change can be reduced by reducing the amount of carbon dioxide in the atmosphere.

The study, published in the journal Nature Climate Change, found that the amount of carbon dioxide in the atmosphere is about the same as the amount of water vapor in the atmosphere.

"""
5,The future of renewable energy depends on,0.5394210815429688,"The future of renewable energy depends on the ability of the world's most powerful power companies to meet their renewable energy targets.

The world's largest power companies are already working on a plan to meet their renewable energy targets.

The world's largest power companies are already working on"
5,Machine learning models require,0.5303349494934082,"Machine learning models require a lot of data to be processed.

The problem is that the data is not always available. For example, if you have a dataset of people who are in a relationship, you can't easily see which people are in the relationship.
"
5,Carbon footprint measurement helps,0.5391669273376465,"Carbon footprint measurement helps to determine the amount of carbon dioxide in the atmosphere.

The carbon dioxide in the atmosphere is a mixture of carbon dioxide and other gases. Carbon dioxide is a greenhouse gas, which means it is emitted by the sun.

The amount of"
