Run,Prompt,Runtime (s),Output
1,1,5.717183351516724,"Artificial Intelligence is a field of study that aims to create intelligent machines that can think and learn like humans. It involves the development of algorithms, neural networks, and machine learning techniques to create machines that can learn and adapt to new situations.

2."
1,2,4.749316692352295,"Climate change can be reduced by using renewable energy sources.

4. Energy Efficiency: Energy efficiency is another important aspect of reducing carbon emissions. By implementing energy-efficient practices, such as LED lighting, insulation, and heating and cooling systems"
1,3,4.839522361755371,"The future of education will be a blend of online and traditional learning.

4. The future of education will be a blend of online and traditional learning.

5. The future of education will be a blend of online and traditional learning.

"
1,4,4.7552807331085205,"Large Language Models are designed to help students develop their reading and writing skills. They are written in a conversational style that is easy to understand and enjoyable to read. The Large Language Models are available in both English and Spanish.

2. The """
1,5,4.787370204925537,"Renewable energy sources include wind, solar, hydro, geothermal, and biomass. Wind power is the most widely used renewable energy source, accounting for 36% of global electricity generation in 2019. Solar power"
2,1,4.823055267333984,"Artificial Intelligence is a field of study that aims to create intelligent machines that can think and learn like humans. It involves the development of algorithms, neural networks, and machine learning techniques to create machines that can learn and adapt to new situations.

2."
2,2,4.8596343994140625,"Climate change can be reduced by using renewable energy sources.

4. Energy Efficiency: Energy efficiency is another important aspect of reducing carbon emissions. By implementing energy-efficient practices, such as LED lighting, insulation, and heating and cooling systems"
2,3,4.702769994735718,"The future of education will be a blend of online and traditional learning.

4. The future of education will be a blend of online and traditional learning.

5. The future of education will be a blend of online and traditional learning.

"
2,4,4.783253908157349,"Large Language Models are designed to help students develop their reading and writing skills. They are written in a conversational style that is easy to understand and enjoyable to read. The Large Language Models are available in both English and Spanish.

2. The """
2,5,4.837298154830933,"Renewable energy sources include wind, solar, hydro, geothermal, and biomass. Wind power is the most widely used renewable energy source, accounting for 36% of global electricity generation in 2019. Solar power"
3,1,4.816230297088623,"Artificial Intelligence is a field of study that aims to create intelligent machines that can think and learn like humans. It involves the development of algorithms, neural networks, and machine learning techniques to create machines that can learn and adapt to new situations.

2."
3,2,4.934635877609253,"Climate change can be reduced by using renewable energy sources.

4. Energy Efficiency: Energy efficiency is another important aspect of reducing carbon emissions. By implementing energy-efficient practices, such as LED lighting, insulation, and heating and cooling systems"
3,3,4.8235344886779785,"The future of education will be a blend of online and traditional learning.

4. The future of education will be a blend of online and traditional learning.

5. The future of education will be a blend of online and traditional learning.

"
3,4,4.732733964920044,"Large Language Models are designed to help students develop their reading and writing skills. They are written in a conversational style that is easy to understand and enjoyable to read. The Large Language Models are available in both English and Spanish.

2. The """
3,5,4.798061370849609,"Renewable energy sources include wind, solar, hydro, geothermal, and biomass. Wind power is the most widely used renewable energy source, accounting for 36% of global electricity generation in 2019. Solar power"
4,1,4.807443618774414,"Artificial Intelligence is a field of study that aims to create intelligent machines that can think and learn like humans. It involves the development of algorithms, neural networks, and machine learning techniques to create machines that can learn and adapt to new situations.

2."
4,2,4.839351654052734,"Climate change can be reduced by using renewable energy sources.

4. Energy Efficiency: Energy efficiency is another important aspect of reducing carbon emissions. By implementing energy-efficient practices, such as LED lighting, insulation, and heating and cooling systems"
4,3,4.718592405319214,"The future of education will be a blend of online and traditional learning.

4. The future of education will be a blend of online and traditional learning.

5. The future of education will be a blend of online and traditional learning.

"
4,4,4.826563358306885,"Large Language Models are designed to help students develop their reading and writing skills. They are written in a conversational style that is easy to understand and enjoyable to read. The Large Language Models are available in both English and Spanish.

2. The """
4,5,4.67250919342041,"Renewable energy sources include wind, solar, hydro, geothermal, and biomass. Wind power is the most widely used renewable energy source, accounting for 36% of global electricity generation in 2019. Solar power"
5,1,4.72091269493103,"Artificial Intelligence is a field of study that aims to create intelligent machines that can think and learn like humans. It involves the development of algorithms, neural networks, and machine learning techniques to create machines that can learn and adapt to new situations.

2."
5,2,4.788315773010254,"Climate change can be reduced by using renewable energy sources.

4. Energy Efficiency: Energy efficiency is another important aspect of reducing carbon emissions. By implementing energy-efficient practices, such as LED lighting, insulation, and heating and cooling systems"
5,3,4.661748647689819,"The future of education will be a blend of online and traditional learning.

4. The future of education will be a blend of online and traditional learning.

5. The future of education will be a blend of online and traditional learning.

"
5,4,4.710235834121704,"Large Language Models are designed to help students develop their reading and writing skills. They are written in a conversational style that is easy to understand and enjoyable to read. The Large Language Models are available in both English and Spanish.

2. The """
5,5,4.66014838218689,"Renewable energy sources include wind, solar, hydro, geothermal, and biomass. Wind power is the most widely used renewable energy source, accounting for 36% of global electricity generation in 2019. Solar power"
